{
  "Close Sessions On End" : true,
  "Ansi 15 Color (Dark)" : {
    "Red Component" : 0.99999600648880005,
    "Color Space" : "sRGB",
    "Blue Component" : 1,
    "Alpha Component" : 1,
    "Green Component" : 1
  },
  "Ansi 0 Color" : {
    "Green Component" : 0.37254902720451355,
    "Red Component" : 0.34509804844856262,
    "Blue Component" : 0.42745098471641541
  },
  "Cursor Text Color" : {
    "Green Component" : 0.77144092321395874,
    "Red Component" : 0.76960963010787964,
    "Blue Component" : 0.70993047952651978
  },
  "Custom Window Title" : "fdfd",
  "Prompt Before Closing 2" : false,
  "Ansi 3 Color (Dark)" : {
    "Red Component" : 0.78058648109436035,
    "Color Space" : "sRGB",
    "Blue Component" : 0,
    "Alpha Component" : 1,
    "Green Component" : 0.76959484815597534
  },
  "Ansi 12 Color (Dark)" : {
    "Red Component" : 0.65349078178405762,
    "Color Space" : "sRGB",
    "Blue Component" : 0.9485321044921875,
    "Alpha Component" : 1,
    "Green Component" : 0.67044717073440552
  },
  "Mouse Reporting" : true,
  "Allow modifyOtherKeys" : false,
  "Use Underline Color (Light)" : false,
  "Disable Window Resizing" : false,
  "BM Growl" : false,
  "Background Color (Dark)" : {
    "Red Component" : 0.0806884765625,
    "Color Space" : "sRGB",
    "Blue Component" : 0.12103271484375,
    "Alpha Component" : 1,
    "Green Component" : 0.099111050367355347
  },
  "Guid" : "1F519234-5385-4366-815F-789C377BBEF1",
  "Cursor Color (Dark)" : {
    "Red Component" : 0.99997633695602417,
    "Color Space" : "sRGB",
    "Blue Component" : 0.99998724460601807,
    "Alpha Component" : 1,
    "Green Component" : 1
  },
  "Selection Color (Dark)" : {
    "Red Component" : 0.70196080207824707,
    "Color Space" : "sRGB",
    "Blue Component" : 1,
    "Alpha Component" : 1,
    "Green Component" : 0.84313726425170898
  },
  "Only The Default BG Color Uses Transparency" : false,
  "Scrollback Lines" : 0,
  "Badge Color (Dark)" : {
    "Red Component" : 0.9787440299987793,
    "Color Space" : "sRGB",
    "Blue Component" : 0.65218597462148864,
    "Alpha Component" : 0.5,
    "Green Component" : 0.65218597462148864
  },
  "Ansi 0 Color (Dark)" : {
    "Red Component" : 0.078431375324726105,
    "Color Space" : "sRGB",
    "Blue Component" : 0.11764705926179886,
    "Alpha Component" : 1,
    "Green Component" : 0.098039217293262482
  },
  "Transparency" : 0,
  "Bound Hosts" : [

  ],
  "Use Bright Bold" : true,
  "Horizontal Spacing" : 1,
  "Ansi 13 Color (Light)" : {
    "Green Component" : "0.4980392",
    "Blue Component" : "0.6588235",
    "Red Component" : "0.6784314"
  },
  "Blur" : true,
  "Ansi 13 Color" : {
    "Green Component" : 0.31764705882352939,
    "Red Component" : 0.83529411764705885,
    "Blue Component" : 0.098039215686274508
  },
  "Ansi 2 Color (Dark)" : {
    "Red Component" : 0,
    "Color Space" : "sRGB",
    "Blue Component" : 0,
    "Alpha Component" : 1,
    "Green Component" : 0.7607843279838562
  },
  "Cursor Color" : {
    "Green Component" : 0.96674919128417969,
    "Red Component" : 0.96554505825042725,
    "Blue Component" : 0.92647796869277954
  },
  "Use Cursor Guide (Light)" : false,
  "Option Key Sends" : 2,
  "Idle Code" : 0,
  "Ansi 13 Color (Dark)" : {
    "Red Component" : 0.8821563720703125,
    "Color Space" : "sRGB",
    "Blue Component" : 0.8821563720703125,
    "Alpha Component" : 1,
    "Green Component" : 0.4927266538143158
  },
  "Send Code When Idle" : false,
  "Selection Color" : {
    "Green Component" : 0.2113519012928009,
    "Red Component" : 0.18291746079921722,
    "Blue Component" : 0.24256426095962524
  },
  "Terminal Type" : "xterm-new",
  "Cursor Boost (Dark)" : 0,
  "Right Option Key Sends" : 0,
  "Background Color" : {
    "Green Component" : 0.12549019607843137,
    "Red Component" : 0.11764705882352941,
    "Blue Component" : 0.15294117647058825
  },
  "Tab Color" : {
    "Red Component" : 0.703094482421875,
    "Color Space" : "sRGB",
    "Blue Component" : 0.10437631607055664,
    "Alpha Component" : 1,
    "Green Component" : 0.10437631607055664
  },
  "Ansi 10 Color (Dark)" : {
    "Red Component" : 0.3450070321559906,
    "Color Space" : "sRGB",
    "Blue Component" : 0.56541937589645386,
    "Alpha Component" : 1,
    "Green Component" : 0.9042816162109375
  },
  "Ansi 10 Color" : {
    "Green Component" : 0.72727733850479126,
    "Red Component" : 0.354786217212677,
    "Blue Component" : 0.46746355295181274
  },
  "Vertical Spacing" : 1,
  "Use Tab Color (Light)" : false,
  "Cursor Type" : 2,
  "Columns" : 100,
  "Ansi 2 Color (Light)" : {
    "Green Component" : "0.6039215999999999",
    "Blue Component" : "0.02352941",
    "Red Component" : "0.3058824"
  },
  "Screen" : -1,
  "Cursor Text Color (Dark)" : {
    "Red Component" : 0,
    "Color Space" : "sRGB",
    "Blue Component" : 0,
    "Alpha Component" : 1,
    "Green Component" : 0
  },
  "Description" : "Default",
  "Unlimited Scrollback" : true,
  "Use Italic Font" : true,
  "Working Directory" : "\/Users\/inanc",
  "Selected Text Color (Dark)" : {
    "Red Component" : 0,
    "Color Space" : "sRGB",
    "Blue Component" : 0,
    "Alpha Component" : 1,
    "Green Component" : 0
  },
  "Use Cursor Guide (Dark)" : false,
  "Visual Bell" : false,
  "Link Color (Light)" : {
    "Red Component" : 0.14513972401618958,
    "Color Space" : "P3",
    "Blue Component" : 0.7093239426612854,
    "Alpha Component" : 1,
    "Green Component" : 0.35333043336868286
  },
  "Ansi 1 Color (Dark)" : {
    "Red Component" : 0.7074432373046875,
    "Color Space" : "sRGB",
    "Blue Component" : 0.16300037503242493,
    "Alpha Component" : 1,
    "Green Component" : 0.23660069704055786
  },
  "Default Bookmark" : "No",
  "Animate Movement" : false,
  "Ansi 14 Color (Light)" : {
    "Green Component" : "0.8862745",
    "Blue Component" : "0.8862745",
    "Red Component" : "0.2039216"
  },
  "Ansi 7 Color (Light)" : {
    "Green Component" : "0.8431373",
    "Blue Component" : "0.8117647",
    "Red Component" : "0.827451"
  },
  "Ansi 3 Color (Light)" : {
    "Green Component" : "0.627451",
    "Blue Component" : "0",
    "Red Component" : "0.7686275"
  },
  "Title Components" : 1,
  "Semantic History" : {
    "editor" : "com.microsoft.VSCode",
    "action" : "editor",
    "text" : ""
  },
  "Ansi 9 Color (Dark)" : {
    "Red Component" : 0.8659515380859375,
    "Color Space" : "sRGB",
    "Blue Component" : 0.45833224058151245,
    "Alpha Component" : 1,
    "Green Component" : 0.47524076700210571
  },
  "Badge Color (Light)" : {
    "Red Component" : 0.92929404973983765,
    "Color Space" : "P3",
    "Blue Component" : 0.13960540294647217,
    "Alpha Component" : 0.5,
    "Green Component" : 0.25479039549827576
  },
  "Ansi 14 Color (Dark)" : {
    "Red Component" : 0.37597531080245972,
    "Color Space" : "sRGB",
    "Blue Component" : 1,
    "Alpha Component" : 1,
    "Green Component" : 0.99263292551040649
  },
  "Tags" : [

  ],
  "Link Color (Dark)" : {
    "Red Component" : 0.19802422821521759,
    "Color Space" : "sRGB",
    "Blue Component" : 0.9337158203125,
    "Alpha Component" : 1,
    "Green Component" : 0.55789834260940552
  },
  "Custom Command" : "No",
  "Jobs to Ignore" : [
    "rlogin",
    "ssh",
    "slogin",
    "telnet"
  ],
  "Use Non-ASCII Font" : false,
  "Custom Directory" : "No",
  "Use Selected Text Color (Light)" : true,
  "Bold Color (Light)" : {
    "Green Component" : "0",
    "Blue Component" : "0",
    "Red Component" : "0"
  },
  "Brighten Bold Text (Dark)" : true,
  "Ansi 8 Color (Light)" : {
    "Green Component" : "0.3411765",
    "Blue Component" : "0.3254902",
    "Red Component" : "0.3333333"
  },
  "Name" : "inanc",
  "Left Option Key Changeable" : true,
  "Ansi 11 Color (Dark)" : {
    "Red Component" : 0.9259033203125,
    "Color Space" : "sRGB",
    "Blue Component" : 0,
    "Alpha Component" : 1,
    "Green Component" : 0.8833775520324707
  },
  "Treat Option as Alt" : false,